{
  "summary": {
    "Galleries": {
      "count": 12
    },
    "Audio": {
      "count": 121
    },
    "Animations": {
      "count": 2
    },
    "Maps": {
      "count": 12
    },
    "Symbols": {
      "count": 11
    },
    "Vehicles": {
      "count": 10
    }
  },
  "samples": {
    "Galleries": [
      "04_Resources/Assets/Galleries/In-World_Handouts_Gallery.md",
      "04_Resources/Assets/Galleries/Scenes_Gallery.md",
      "04_Resources/Assets/Galleries/Magical_Items_Gallery.md",
      "04_Resources/Assets/Galleries/Vehicles_&_Ships_Gallery.md",
      "04_Resources/Assets/Galleries/Locations_Gallery.md",
      "04_Resources/Assets/Galleries/Index.md",
      "04_Resources/Assets/Galleries/Animations_Gallery.md",
      "04_Resources/Assets/Galleries/Battle_Maps_Gallery.md",
      "04_Resources/Assets/Galleries/NPC_Portraits_Gallery.md",
      "04_Resources/Assets/Galleries/Faction_Symbols_&_Heraldry.md",
      "04_Resources/Assets/Galleries/Audio_Gallery.md",
      "04_Resources/Assets/Galleries/Creatures_Gallery.md"
    ],
    "Audio": [
      "04_Resources/Assets/Audio/Soundscape_Guide.md",
      "04_Resources/Assets/Audio/Generated/Trench_Geyser.wav",
      "04_Resources/Assets/Audio/Generated/aethermoor_EngineRoom_v015.wav",
      "04_Resources/Assets/Audio/Generated/Coral_Reef_Clicks.wav",
      "04_Resources/Assets/Audio/Generated/aethermoor_SkyDock_v002.wav",
      "04_Resources/Assets/Audio/Generated/aethermoor_Storm_v040.wav",
      "04_Resources/Assets/Audio/Generated/aethermoor_Airship_v001.wav",
      "04_Resources/Assets/Audio/Generated/aquabyssos_Geyser_v031.wav",
      "04_Resources/Assets/Audio/Generated/Shrine_Bell_Air.wav",
      "04_Resources/Assets/Audio/Generated/aquabyssos_Temple_v013.wav",
      "04_Resources/Assets/Audio/Generated/aethermoor_Sails_v005.wav",
      "04_Resources/Assets/Audio/Generated/aethermoor_Sails_v011.wav",
      "04_Resources/Assets/Audio/Generated/Underwater_Ambience.wav",
      "04_Resources/Assets/Audio/Generated/aquabyssos_Temple_v005.wav",
      "04_Resources/Assets/Audio/Generated/aquabyssos_Lighthouse_v014.wav",
      "04_Resources/Assets/Audio/Generated/aethermoor_SkyDock_v014.wav",
      "04_Resources/Assets/Audio/Generated/aethermoor_EngineRoom_v003.wav",
      "04_Resources/Assets/Audio/Generated/aethermoor_Brassworks_v048.wav",
      "04_Resources/Assets/Audio/Generated/aquabyssos_Reef_v043.wav",
      "04_Resources/Assets/Audio/Generated/aethermoor_SkyDock_v038.wav",
      "04_Resources/Assets/Audio/Generated/aquabyssos_KelpForest_v048.wav",
      "04_Resources/Assets/Audio/Generated/Storm_Approach.wav",
      "04_Resources/Assets/Audio/Generated/aquabyssos_Lighthouse_v038.wav",
      "04_Resources/Assets/Audio/Generated/aethermoor_Storm_v046.wav",
      "04_Resources/Assets/Audio/Generated/aquabyssos_Underwater_v041.wav",
      "04_Resources/Assets/Audio/Generated/aethermoor_Airship_v013.wav",
      "04_Resources/Assets/Audio/Generated/aethermoor_Airship_v007.wav",
      "04_Resources/Assets/Audio/Generated/aquabyssos_Geyser_v023.wav",
      "04_Resources/Assets/Audio/Generated/aquabyssos_Temple_v029.wav",
      "04_Resources/Assets/Audio/Generated/aethermoor_Sails_v029.wav",
      "04_Resources/Assets/Audio/Generated/aethermoor_Sails_v017.wav",
      "04_Resources/Assets/Audio/Generated/aquabyssos_Lighthouse_v006.wav",
      "04_Resources/Assets/Audio/Generated/Ritual_Circle_Pulse.wav",
      "04_Resources/Assets/Audio/Generated/aethermoor_EngineRoom_v039.wav",
      "04_Resources/Assets/Audio/Generated/Cavern_Drip.wav",
      "04_Resources/Assets/Audio/Generated/aquabyssos_Geyser_v047.wav",
      "04_Resources/Assets/Audio/Generated/aquabyssos_Harbor_v002.wav",
      "04_Resources/Assets/Audio/Generated/aethermoor_Storm_v022.wav",
      "04_Resources/Assets/Audio/Generated/aquabyssos_Underwater_v025.wav",
      "04_Resources/Assets/Audio/Generated/aquabyssos_Reef_v027.wav",
      "04_Resources/Assets/Audio/Generated/aquabyssos_DeepTrench_v012.wav",
      "04_Resources/Assets/Audio/Generated/aethermoor_Brassworks_v006.wav",
      "04_Resources/Assets/Audio/Generated/aethermoor_Brassworks_v012.wav",
      "04_Resources/Assets/Audio/Generated/aquabyssos_DeepTrench_v004.wav",
      "04_Resources/Assets/Audio/Generated/aquabyssos_Reef_v019.wav",
      "04_Resources/Assets/Audio/Generated/aquabyssos_Underwater_v033.wav",
      "04_Resources/Assets/Audio/Generated/aethermoor_Storm_v034.wav",
      "04_Resources/Assets/Audio/Generated/aethermoor_Airship_v049.wav",
      "04_Resources/Assets/Audio/Generated/Market_Ambience.wav",
      "04_Resources/Assets/Audio/Generated/aquabyssos_Harbor_v010.wav",
      "04_Resources/Assets/Audio/Generated/Engine_Room_Thrum.wav",
      "04_Resources/Assets/Audio/Generated/aquabyssos_KelpForest_v016.wav",
      "04_Resources/Assets/Audio/Generated/aquabyssos_Reef_v035.wav",
      "04_Resources/Assets/Audio/Generated/aquabyssos_DeepTrench_v028.wav",
      "04_Resources/Assets/Audio/Generated/aquabyssos_Underwater_v009.wav",
      "04_Resources/Assets/Audio/Generated/aethermoor_Brassworks_v018.wav",
      "04_Resources/Assets/Audio/Generated/aethermoor_Brassworks_v030.wav",
      "04_Resources/Assets/Audio/Generated/Sky_Dock_Bustle.wav",
      "04_Resources/Assets/Audio/Generated/aethermoor_Brassworks_v024.wav",
      "04_Resources/Assets/Audio/Generated/aquabyssos_KelpForest_v024.wav",
      "04_Resources/Assets/Audio/Generated/aethermoor_Storm_v016.wav",
      "04_Resources/Assets/Audio/Generated/aethermoor_Airship_v043.wav",
      "04_Resources/Assets/Audio/Generated/Void_Hum.wav",
      "04_Resources/Assets/Audio/Generated/aquabyssos_Temple_v045.wav",
      "04_Resources/Assets/Audio/Generated/Pressure_Dome_Interior.wav",
      "04_Resources/Assets/Audio/Generated/aethermoor_Sails_v047.wav",
      "04_Resources/Assets/Audio/Generated/aquabyssos_Harbor_v034.wav",
      "04_Resources/Assets/Audio/Generated/aethermoor_Storm_v028.wav",
      "04_Resources/Assets/Audio/Generated/aquabyssos_KelpForest_v032.wav",
      "04_Resources/Assets/Audio/Generated/aquabyssos_Reef_v011.wav",
      "04_Resources/Assets/Audio/Generated/aethermoor_Brassworks_v036.wav",
      "04_Resources/Assets/Audio/Generated/Airship_Ambience.wav",
      "04_Resources/Assets/Audio/Generated/aquabyssos_DeepTrench_v020.wav",
      "04_Resources/Assets/Audio/Generated/aethermoor_EngineRoom_v045.wav",
      "04_Resources/Assets/Audio/Generated/aquabyssos_Lighthouse_v046.wav",
      "04_Resources/Assets/Audio/Generated/aethermoor_Storm_v004.wav",
      "04_Resources/Assets/Audio/Generated/aethermoor_Storm_v010.wav",
      "04_Resources/Assets/Audio/Generated/aquabyssos_Underwater_v017.wav",
      "04_Resources/Assets/Audio/Generated/aquabyssos_Harbor_v018.wav",
      "04_Resources/Assets/Audio/Generated/Tavern_Chatter.wav",
      "04_Resources/Assets/Audio/Generated/aethermoor_Sails_v041.wav",
      "04_Resources/Assets/Audio/Generated/aquabyssos_Harbor_v026.wav",
      "04_Resources/Assets/Audio/Generated/aquabyssos_Underwater_v001.wav",
      "04_Resources/Assets/Audio/Generated/aquabyssos_KelpForest_v008.wav",
      "04_Resources/Assets/Audio/Generated/aquabyssos_Reef_v003.wav",
      "04_Resources/Assets/Audio/Generated/aethermoor_SkyDock_v050.wav",
      "04_Resources/Assets/Audio/Generated/aethermoor_SkyDock_v044.wav",
      "04_Resources/Assets/Audio/Generated/aquabyssos_DeepTrench_v036.wav",
      "04_Resources/Assets/Audio/Generated/Harbor_Night.wav",
      "04_Resources/Assets/Audio/Generated/aquabyssos_Geyser_v039.wav",
      "04_Resources/Assets/Audio/Generated/Library_Whisper.wav",
      "04_Resources/Assets/Audio/Generated/aquabyssos_Lighthouse_v022.wav",
      "04_Resources/Assets/Audio/Generated/aethermoor_EngineRoom_v009.wav",
      "04_Resources/Assets/Audio/Generated/aquabyssos_DeepTrench_v044.wav",
      "04_Resources/Assets/Audio/Generated/aethermoor_EngineRoom_v021.wav",
      "04_Resources/Assets/Audio/Generated/aethermoor_SkyDock_v008.wav",
      "04_Resources/Assets/Audio/Generated/aethermoor_SkyDock_v020.wav",
      "04_Resources/Assets/Audio/Generated/aethermoor_Airship_v037.wav",
      "04_Resources/Assets/Audio/Generated/aquabyssos_Harbor_v042.wav",
      "04_Resources/Assets/Audio/Generated/aquabyssos_Geyser_v007.wav",
      "04_Resources/Assets/Audio/Generated/Lighthouse_Surf_Horn.wav",
      "04_Resources/Assets/Audio/Generated/Kelp_Forest_Sway.wav",
      "04_Resources/Assets/Audio/Generated/Temple_Ambience.wav",
      "04_Resources/Assets/Audio/Generated/aethermoor_Sails_v035.wav",
      "04_Resources/Assets/Audio/Generated/aquabyssos_Temple_v021.wav",
      "04_Resources/Assets/Audio/Generated/aquabyssos_Underwater_v049.wav",
      "04_Resources/Assets/Audio/Generated/aquabyssos_Lighthouse_v030.wav",
      "04_Resources/Assets/Audio/Generated/aquabyssos_KelpForest_v040.wav",
      "04_Resources/Assets/Audio/Generated/aethermoor_EngineRoom_v033.wav",
      "04_Resources/Assets/Audio/Generated/aethermoor_EngineRoom_v027.wav",
      "04_Resources/Assets/Audio/Generated/Deep_Trench_Pressure.wav",
      "04_Resources/Assets/Audio/Generated/aethermoor_Brassworks_v042.wav",
      "04_Resources/Assets/Audio/Generated/aethermoor_SkyDock_v026.wav",
      "04_Resources/Assets/Audio/Generated/aethermoor_SkyDock_v032.wav",
      "04_Resources/Assets/Audio/Generated/aethermoor_Airship_v019.wav",
      "04_Resources/Assets/Audio/Generated/aquabyssos_Harbor_v050.wav",
      "04_Resources/Assets/Audio/Generated/aethermoor_Airship_v025.wav",
      "04_Resources/Assets/Audio/Generated/aethermoor_Airship_v031.wav",
      "04_Resources/Assets/Audio/Generated/aquabyssos_Geyser_v015.wav",
      "04_Resources/Assets/Audio/Generated/aquabyssos_Temple_v037.wav",
      "04_Resources/Assets/Audio/Generated/aethermoor_Sails_v023.wav"
    ],
    "Animations": [
      "04_Resources/Assets/Animations/Motion_Specs.md",
      "04_Resources/Assets/Animations/Cinematic_Sequences.md"
    ],
    "Maps": [
      "04_Resources/Assets/Maps/map-map-aethermoor-harbor-skirmish-v2-aethermoor-harbor-skirmish.png",
      "04_Resources/Assets/Maps/map-map-bioluminescent-forest-ambush-v2-bioluminescent-forest-ambush.png",
      "04_Resources/Assets/Maps/Battle_Map_Descriptions.md",
      "04_Resources/Assets/Maps/world-map.png",
      "04_Resources/Assets/Maps/map-map-aethermoor-harbor-skirmish-aethermoor-harbor-skirmish.png",
      "04_Resources/Assets/Maps/map-map-bioluminescent-forest-ambush-v1-bioluminescent-forest-ambush.png",
      "04_Resources/Assets/Maps/map-map-pressure-temple-ruins-v1-pressure-temple-ruins.png",
      "04_Resources/Assets/Maps/World_Map_Layers.md",
      "04_Resources/Assets/Maps/map-map-bioluminescent-forest-ambush-bioluminescent-forest-ambush.png",
      "04_Resources/Assets/Maps/map-map-aethermoor-harbor-skirmish-v1-aethermoor-harbor-skirmish.png",
      "04_Resources/Assets/Maps/map-map-pressure-temple-ruins-pressure-temple-ruins.png",
      "04_Resources/Assets/Maps/map-map-pressure-temple-ruins-v2-pressure-temple-ruins.png"
    ],
    "Symbols": [
      "04_Resources/Assets/Symbols/symbol-heraldry-the-whisper-syndicate-the-whisper-syndicate.png",
      "04_Resources/Assets/Symbols/symbol-heraldry-master-chen-wei-v1-master-chen-wei.png",
      "04_Resources/Assets/Symbols/Faction_Heraldry.md",
      "04_Resources/Assets/Symbols/symbol-heraldry-the-shadow-crystal-synthesis-v1-the-shadow-crystal-synthesis.png",
      "04_Resources/Assets/Symbols/symbol-heraldry-shadow-conspiracy-investigation-shadow-conspiracy-investigation.png",
      "04_Resources/Assets/Symbols/symbol-heraldry-vex-shadowthorn-boss-fight-vex-shadowthorn-boss-fight.png",
      "04_Resources/Assets/Symbols/symbol-heraldry-the-whisper-syndicate-v1-the-whisper-syndicate.png",
      "04_Resources/Assets/Symbols/symbol-heraldry-vex-shadowthorn-boss-fight-v1-vex-shadowthorn-boss-fight.png",
      "04_Resources/Assets/Symbols/symbol-heraldry-master-chen-wei-master-chen-wei.png",
      "04_Resources/Assets/Symbols/symbol-heraldry-the-shadow-crystal-synthesis-the-shadow-crystal-synthesis.png",
      "04_Resources/Assets/Symbols/symbol-heraldry-shadow-conspiracy-investigation-v1-shadow-conspiracy-investigation.png"
    ],
    "Vehicles": [
      "04_Resources/Assets/Vehicles/vehicle-ship-hybrid-rift-runner-sloop-v1-hybrid-rift-runner-sloop.png",
      "04_Resources/Assets/Vehicles/vehicle-ship-hybrid-rift-runner-sloop-v2-hybrid-rift-runner-sloop.png",
      "04_Resources/Assets/Vehicles/vehicle-ship-aethermoor-courier-class-airship-v2-aethermoor-courier-class-airship.png",
      "04_Resources/Assets/Vehicles/vehicle-ship-hybrid-rift-runner-sloop-hybrid-rift-runner-sloop.png",
      "04_Resources/Assets/Vehicles/vehicle-ship-abyssal-scout-submarine-v2-abyssal-scout-submarine.png",
      "04_Resources/Assets/Vehicles/vehicle-ship-abyssal-scout-submarine-abyssal-scout-submarine.png",
      "04_Resources/Assets/Vehicles/vehicle-ship-aethermoor-courier-class-airship-aethermoor-courier-class-airship.png",
      "04_Resources/Assets/Vehicles/vehicle-ship-abyssal-scout-submarine-v1-abyssal-scout-submarine.png",
      "04_Resources/Assets/Vehicles/Ship_Blueprints.md",
      "04_Resources/Assets/Vehicles/vehicle-ship-aethermoor-courier-class-airship-v1-aethermoor-courier-class-airship.png"
    ]
  }
}