{
  "total_action_files": 158,
  "scope_distribution": {
    "personal": 32,
    "world": 56,
    "local": 31,
    "regional": 39
  },
  "enhanced_count": 11,
  "template_created": "05_Templates/Consequence_Chain_Template.md",
  "enhancement_timestamp": "2025-08-13T07:56:43.696724",
  "consequence_levels": [
    "personal",
    "local",
    "regional",
    "world"
  ],
  "timing_patterns": [
    "immediate",
    "short_term",
    "long_term"
  ],
  "butterfly_effects": [
    "minor_action",
    "social_interaction",
    "information_spread",
    "resource_movement"
  ],
  "dry_run": false
}