{
  "total_npcs": 960,
  "npcs_with_relationships": 22,
  "enhanced_count": 15,
  "relationship_matrix": {
    "Knight": {
      "file_path": "/Users/jongosussmango/Library/Mobile Documents/iCloud~md~obsidian/Documents/ObsidianTTRPGVault Experimental/backups/02_Worldbuilding/People/Knight.md",
      "connections": [
        "02_Worldbuilding/People/Queen Seraphina Lumengarde",
        "vault_backup_20250813_073007/02_Worldbuilding/Lore/Crystal Guard",
        "02_Worldbuilding/People/High Priestess Celeste Dawnbringer",
        "02_Worldbuilding/People/Captain Lyanna Brightshield",
        "02_Worldbuilding/People/Shadow Parliament",
        "02_Worldbuilding/People/The Biomancers",
        "02_Worldbuilding/People/Prince Caspian Duskwater",
        "02_Worldbuilding/People/Ambassador Korvin Blacktide"
      ],
      "relationship_count": 8
    },
    "Ambassador Nerida Deepcurrent": {
      "file_path": "/Users/jongosussmango/Library/Mobile Documents/iCloud~md~obsidian/Documents/ObsidianTTRPGVault Experimental/02_Worldbuilding/People/Ambassador Nerida Deepcurrent.md",
      "connections": [
        "02_Worldbuilding/People/Queen Seraphina Lumengarde",
        "02_Worldbuilding/People/Prince Caspian Duskwater",
        "02_Worldbuilding/People/Captain Thaddeus Blackwater",
        "02_Worldbuilding/People/Vex Shadowthorn",
        "02_Worldbuilding/People/Master Artificer Korvin Gearwright"
      ],
      "relationship_count": 5
    },
    "His Own Shadow": {
      "file_path": "/Users/jongosussmango/Library/Mobile Documents/iCloud~md~obsidian/Documents/ObsidianTTRPGVault Experimental/backups/02_Worldbuilding/People/His Own Shadow.md",
      "connections": [
        "02_Worldbuilding/People/Shadow Parliament",
        "vault_backup_20250813_073007/02_Worldbuilding/People/The Waking Prophets",
        "vault_backup_20250813_073007/02_Worldbuilding/People/Memory Merchant Valeria Siltweave",
        "02_Worldbuilding/People/The Biomancers"
      ],
      "relationship_count": 4
    },
    "Sir Marcus Dawnforge": {
      "file_path": "/Users/jongosussmango/Library/Mobile Documents/iCloud~md~obsidian/Documents/ObsidianTTRPGVault Experimental/02_Worldbuilding/People/Sir Marcus Dawnforge.md",
      "connections": [
        "02_Worldbuilding/People/Lord Commander Gareth Steelborn",
        "02_Worldbuilding/People/The Crimson Sage",
        "02_Worldbuilding/People/Captain Lyanna Brightshield",
        "02_Worldbuilding/People/High Inquisitor Maltheos",
        "02_Worldbuilding/People/Korvin Blacktide"
      ],
      "relationship_count": 5
    },
    "Empress Tethys the Ever-Drowning": {
      "file_path": "/Users/jongosussmango/Library/Mobile Documents/iCloud~md~obsidian/Documents/ObsidianTTRPGVault Experimental/backups/02_Worldbuilding/People/Empress Tethys the Ever-Drowning.md",
      "connections": [
        "02_Worldbuilding/People/Ambassador Korvin Blacktide",
        "02_Worldbuilding/People/Queen Seraphina Lumengarde",
        "02_Worldbuilding/People/The Crimson Sage"
      ],
      "relationship_count": 3
    },
    "Senator Marius": {
      "file_path": "/Users/jongosussmango/Library/Mobile Documents/iCloud~md~obsidian/Documents/ObsidianTTRPGVault Experimental/backups/02_Worldbuilding/People/Senator Marius.md",
      "connections": [
        "vault_backup_20250813_073007/02_Worldbuilding/People/Senator Cordelia Deepcurrent",
        "02_Worldbuilding/People/Emperor Thalassius the Wise",
        "02_Worldbuilding/People/The Pearl Guard"
      ],
      "relationship_count": 3
    },
    "Senator": {
      "file_path": "/Users/jongosussmango/Library/Mobile Documents/iCloud~md~obsidian/Documents/ObsidianTTRPGVault Experimental/backups/02_Worldbuilding/People/Senator.md",
      "connections": [
        "vault_backup_20250813_073007/02_Worldbuilding/People/Parliament Loyalists",
        "02_Worldbuilding/People/Emperor Thalassius the Wise",
        "02_Worldbuilding/People/Banker Titus Goldcurrent",
        "02_Worldbuilding/People/Ambassador Nerida Deepcurrent",
        "02_Worldbuilding/People/Shadow Parliament",
        "02_Worldbuilding/People/The Coral Throne Syndicate",
        "02_Worldbuilding/People/Senator Glaucus",
        "02_Worldbuilding/People/Prince Caspian Duskwater",
        "vault_backup_20250813_073007/02_Worldbuilding/People/Surface Ambassador Lord Seaworthy"
      ],
      "relationship_count": 9
    },
    "Oracle": {
      "file_path": "/Users/jongosussmango/Library/Mobile Documents/iCloud~md~obsidian/Documents/ObsidianTTRPGVault Experimental/backups/02_Worldbuilding/People/Oracle.md",
      "connections": [
        "vault_backup_20250813_073007/02_Worldbuilding/People/The Waking Prophets",
        "02_Worldbuilding/People/Emperor Thalassius the Wise",
        "vault_backup_20250813_073007/02_Worldbuilding/People/The Leviathan Prophets",
        "02_Worldbuilding/People/High Priestess Scylla Deepdream",
        "02_Worldbuilding/People/Shadow Parliament",
        "02_Worldbuilding/People/The Biomancers",
        "02_Worldbuilding/People/Prince Caspian Duskwater",
        "vault_backup_20250813_073007/02_Worldbuilding/People/The Party"
      ],
      "relationship_count": 8
    },
    "High Priestess Scylla Deepdream": {
      "file_path": "/Users/jongosussmango/Library/Mobile Documents/iCloud~md~obsidian/Documents/ObsidianTTRPGVault Experimental/02_Worldbuilding/People/High Priestess Scylla Deepdream.md",
      "connections": [
        "02_Worldbuilding/People/Ambassador Nerida Deepcurrent",
        "02_Worldbuilding/People/The Crimson Sage",
        "02_Worldbuilding/People/Sister Morwyn Veilkeeper"
      ],
      "relationship_count": 3
    },
    "Scholar Vivienne the Chronicler": {
      "file_path": "/Users/jongosussmango/Library/Mobile Documents/iCloud~md~obsidian/Documents/ObsidianTTRPGVault Experimental/backups/02_Worldbuilding/People/Scholar Vivienne the Chronicler.md",
      "connections": [
        "02_Worldbuilding/People/Queen Seraphina Lumengarde",
        "vault_backup_20250813_073007/02_Worldbuilding/People/Keeper of the Shattered Crown Marcus",
        "vault_backup_20250813_073007/02_Worldbuilding/People/High Inquisitor Maltheos",
        "vault_backup_20250813_073007/02_Worldbuilding/People/Zephyr Goldwhisper",
        "vault_backup_20250813_073007/02_Worldbuilding/Groups/Cults_and_Movements/The Crystal Cult"
      ],
      "relationship_count": 5
    },
    "Sister Morwyn Veilkeeper": {
      "file_path": "/Users/jongosussmango/Library/Mobile Documents/iCloud~md~obsidian/Documents/ObsidianTTRPGVault Experimental/02_Worldbuilding/People/Sister Morwyn Veilkeeper.md",
      "connections": [
        "02_Worldbuilding/People/The Crimson Sage",
        "02_Worldbuilding/People/High Inquisitor Maltheos",
        "02_Worldbuilding/People/Vex Shadowthorn",
        "02_Worldbuilding/People/Queen Seraphina Lumengarde"
      ],
      "relationship_count": 4
    },
    "Marcus Shardbreaker Grimm": {
      "file_path": "/Users/jongosussmango/Library/Mobile Documents/iCloud~md~obsidian/Documents/ObsidianTTRPGVault Experimental/02_Worldbuilding/People/Marcus Shardbreaker Grimm.md",
      "connections": [
        "02_Worldbuilding/People/Lord Commander Gareth Steelborn",
        "02_Worldbuilding/People/Captain Lyanna Brightshield",
        "02_Worldbuilding/People/Vex Shadowthorn",
        "02_Worldbuilding/People/High Inquisitor Maltheos",
        "02_Worldbuilding/People/Master Artificer Korvin Gearwright"
      ],
      "relationship_count": 5
    },
    "Castellan Ironledger III": {
      "file_path": "/Users/jongosussmango/Library/Mobile Documents/iCloud~md~obsidian/Documents/ObsidianTTRPGVault Experimental/02_Worldbuilding/People/Castellan Ironledger III.md",
      "connections": [
        "02_Worldbuilding/People/Vex Shadowthorn",
        "02_Worldbuilding/People/Captain Thaddeus Blackwater",
        "02_Worldbuilding/People/Queen Seraphina Lumengarde",
        "02_Worldbuilding/People/Master Artificer Korvin Gearwright"
      ],
      "relationship_count": 4
    },
    "Lighthouse Keeper": {
      "file_path": "/Users/jongosussmango/Library/Mobile Documents/iCloud~md~obsidian/Documents/ObsidianTTRPGVault Experimental/backups/02_Worldbuilding/People/Lighthouse Keeper.md",
      "connections": [
        "vault_backup_20250813_073007/02_Worldbuilding/Lore/Crystal Guard",
        "02_Worldbuilding/People/Admiral Cassandra Stormwind",
        "02_Worldbuilding/People/Archdruid Thornweaver",
        "vault_backup_20250813_073007/02_Worldbuilding/People/The Pressure Pirates",
        "02_Worldbuilding/People/Ambassador Korvin Blacktide"
      ],
      "relationship_count": 5
    },
    "The Barnacle": {
      "file_path": "/Users/jongosussmango/Library/Mobile Documents/iCloud~md~obsidian/Documents/ObsidianTTRPGVault Experimental/backups/02_Worldbuilding/People/The Barnacle.md",
      "connections": [
        "02_Worldbuilding/People/The Biomancers",
        "vault_backup_20250813_073007/02_Worldbuilding/People/Surface Syndicate",
        "vault_backup_20250813_073007/02_Worldbuilding/People/Professor Aldric Crystalweaver",
        "vault_backup_20250813_073007/02_Worldbuilding/People/Memory Harvester Kythara"
      ],
      "relationship_count": 4
    },
    "The Bloodline Carrier": {
      "file_path": "/Users/jongosussmango/Library/Mobile Documents/iCloud~md~obsidian/Documents/ObsidianTTRPGVault Experimental/backups/02_Worldbuilding/People/The Bloodline Carrier.md",
      "connections": [
        "vault_backup_20250813_073007/02_Worldbuilding/People/Order of the Shattered Crown",
        "02_Worldbuilding/People/Queen Seraphina Lumengarde",
        "02_Worldbuilding/Groups/The Convergence Seekers",
        "vault_backup_20250813_073007/02_Worldbuilding/People/Keeper of the Shattered Crown Marcus",
        "vault_backup_20250813_073007/02_Worldbuilding/People/Professor Aldric Crystalweaver"
      ],
      "relationship_count": 5
    },
    "The Sorrowmaster": {
      "file_path": "/Users/jongosussmango/Library/Mobile Documents/iCloud~md~obsidian/Documents/ObsidianTTRPGVault Experimental/backups/02_Worldbuilding/People/The Sorrowmaster.md",
      "connections": [
        "vault_backup_20250813_073007/02_Worldbuilding/People/The Parasite Priests",
        "02_Worldbuilding/People/Shadow Parliament",
        "02_Worldbuilding/People/The Biomancers",
        "02_Worldbuilding/People/High Priestess Scylla Deepdream",
        "vault_backup_20250813_073007/02_Worldbuilding/People/The Waking Prophets",
        "02_Worldbuilding/People/Emperor Thalassius the Wise",
        "02_Worldbuilding/People/Prince Caspian Duskwater",
        "vault_backup_20250813_073007/02_Worldbuilding/People/Memory Merchant Valeria Siltweave"
      ],
      "relationship_count": 8
    },
    "Keeper of the Shattered Crown Marcus": {
      "file_path": "/Users/jongosussmango/Library/Mobile Documents/iCloud~md~obsidian/Documents/ObsidianTTRPGVault Experimental/02_Worldbuilding/People/Keeper of the Shattered Crown Marcus.md",
      "connections": [
        "02_Worldbuilding/People/Queen Seraphina Lumengarde",
        "02_Worldbuilding/People/High Inquisitor Maltheos",
        "02_Worldbuilding/People/The Crimson Sage",
        "02_Worldbuilding/People/Order of the Shattered Crown"
      ],
      "relationship_count": 4
    },
    "Sorrow-Root Nightbloom": {
      "file_path": "/Users/jongosussmango/Library/Mobile Documents/iCloud~md~obsidian/Documents/ObsidianTTRPGVault Experimental/02_Worldbuilding/People/Sorrow-Root Nightbloom.md",
      "connections": [
        "02_Worldbuilding/People/Archdruid Thornweaver",
        "02_Worldbuilding/People/High Inquisitor Maltheos",
        "02_Worldbuilding/People/Queen Seraphina Lumengarde",
        "02_Worldbuilding/People/Ambassador Korvin Blacktide",
        "02_Worldbuilding/People/Zephyr Goldwhisper"
      ],
      "relationship_count": 5
    },
    "Duchess Marina Ever-Drowning": {
      "file_path": "/Users/jongosussmango/Library/Mobile Documents/iCloud~md~obsidian/Documents/ObsidianTTRPGVault Experimental/02_Worldbuilding/People/Duchess Marina Ever-Drowning.md",
      "connections": [
        "02_Worldbuilding/People/Ambassador Nerida Deepcurrent",
        "02_Worldbuilding/People/Vex Shadowthorn",
        "02_Worldbuilding/People/Queen Seraphina Lumengarde"
      ],
      "relationship_count": 3
    },
    "Assassin": {
      "file_path": "/Users/jongosussmango/Library/Mobile Documents/iCloud~md~obsidian/Documents/ObsidianTTRPGVault Experimental/backups/02_Worldbuilding/People/Assassin.md",
      "connections": [
        "02_Worldbuilding/People/The Biomancers",
        "vault_backup_20250813_073007/02_Worldbuilding/People/Parliament Loyalists"
      ],
      "relationship_count": 2
    },
    "Keeper of the Shattered Crown, Marcus Crystalvein": {
      "file_path": "/Users/jongosussmango/Library/Mobile Documents/iCloud~md~obsidian/Documents/ObsidianTTRPGVault Experimental/backups/02_Worldbuilding/People/Keeper of the Shattered Crown, Marcus Crystalvein.md",
      "connections": [
        "02_Worldbuilding/People/Queen Seraphina Lumengarde",
        "vault_backup_20250813_073007/02_Worldbuilding/People/High Inquisitor Maltheos",
        "02_Worldbuilding/People/The Crimson Sage",
        "vault_backup_20250813_073007/02_Worldbuilding/People/Order of the Shattered Crown"
      ],
      "relationship_count": 4
    }
  },
  "enhancement_timestamp": "2025-08-13T07:50:56.793867",
  "dry_run": false
}